supplier,prod_code_supplier,item_supplier,prod_code_sumitomo,item_sumitomo,is_favorite
Smith Field,70800810300,LN PK BNLS BKSTYLE VP 4PC,81030,BACKSTYLE LOIN 4/5,0
Smith Field,70800810400,LN PK BNLS DEFATTED MM 2/3 VP,81040,MM LOIN DEFAT 2/3,0
Smith Field,70800810200,LN PK BNLS CC 4/5 (EXP) 4-1PC,81020,CC LOIN 4/5,0
Rantoul,21289,DARK PORK BACKLOIN,21289,BACKS LOIN (DARK 5&6),0
Rantoul,21103,PORK BONELESS LOIN-CRAYOVAC,21103,SILKY BACKS LOIN,0
Rantoul,21003,MAXY PORK LOIN,21003,BACKS LOIN (Maxwell),0
